[
    {
        "id": 1,
        "marca": "Toyota",
        "nombre": "Corolla",
        "anio": 2019,
        "precio": "$250,000",
        "imagen": "corolla-base-v3.png",
        "kilometraje": "40,000 km",
        "motor": "1.8L 4 cilindros",
        "garantia": "1 año"
    },
    {
        "id": 2,
        "marca": "Honda",
        "nombre": "Civic",
        "anio": 2020,
        "precio": "$270,000",
        "imagen": "civic.jpeg",
        "kilometraje": "35,000 km",
        "motor": "2.0L 4 cilindros",
        "garantia": "2 años"
    },
    {
        "id": 3,
        "marca": "Nissan",
        "nombre": "Sentra",
        "anio": 2018,
        "precio": "$220,000",
        "imagen": "sentra.jpg",
        "kilometraje": "50,000 km",
        "motor": "1.6L 4 cilindros",
        "garantia": "6 meses"
    },
    {
        "id": 4,
        "marca": "Ford",
        "nombre": "Focus",
        "anio": 2017,
        "precio": "$210,000",
        "imagen": "ford-focus.jpeg",
        "kilometraje": "60,000 km",
        "motor": "2.0L 4 cilindros",
        "garantia": "1 año"
    },
    {
        "id": 5,
        "marca": "Mazda",
        "nombre": "3",
        "anio": 2021,
        "precio": "$300,000",
        "imagen": "mazda3.png",
        "kilometraje": "25,000 km",
        "motor": "2.5L 4 cilindros",
        "garantia": "3 años"
    }
]
